{
  "formatVersion": 1,
  "database": {
    "version": 1,
    "identityHash": "f1aab1fb633378621635c344dbc8ac7b",
    "entities": [
      {
        "tableName": "KeyValuePair",
        "createSql": "CREATE TABLE IF NOT EXISTS `${TABLE_NAME}` (`key` TEXT NOT NULL, `valueType` INTEGER NOT NULL, `value` BLOB NOT NULL, PRIMARY KEY(`key`))",
        "fields": [
          {
            "fieldPath": "key",
            "columnName": "key",
            "affinity": "TEXT",
            "notNull": true
          },
          {
            "fieldPath": "valueType",
            "columnName": "valueType",
            "affinity": "INTEGER",
            "notNull": true
          },
          {
            "fieldPath": "value",
            "columnName": "value",
            "affinity": "BLOB",
            "notNull": true
          }
        ],
        "primaryKey": {
          "columnNames": [
            "key"
          ],
          "autoGenerate": false
        },
        "indices": [],
        "foreignKeys": []
      }
    ],
    "views": [],
    "setupQueries": [
      "CREATE TABLE IF NOT EXISTS room_master_table (id INTEGER PRIMARY KEY,identity_hash TEXT)",
      "INSERT OR REPLACE INTO room_master_table (id,identity_hash) VALUES(42, 'f1aab1fb633378621635c344dbc8ac7b')"
    ]
  }
}